<?xml version="1.0"?>
<ruleset name="Joomla">

    <arg name="report" value="full"/>
    <arg name="tab-width" value="4"/>
    <arg name="encoding" value="utf-8"/>
    <arg value="sp"/>
    <arg name="colors" />

    <!-- Exclude folders not containing production code -->
    <exclude-pattern>*/.github/*</exclude-pattern>

    <!-- Exclude 3rd party libraries. -->
    <exclude-pattern>*/vendor/*</exclude-pattern>

    <rule ref="Joomla">
        <exclude name="Generic.Arrays.DisallowShortArraySyntax"/>
    </rule>

    <rule ref="Joomla.Classes.InstantiateNewClasses">
        <properties>
            <property name="shortArraySyntax" value="true"/>
        </properties>
    </rule>
</ruleset>
